feature	metadata	value	coef	stderr	N	N.not.0	pval	qval
t545	breastfed_child	nonexclusive	0.0273160186415644	0.00563215981515018	56	52	1.24510720920924e-05	0.00535396099959974
