feature	metadata	value	coef	stderr	N	N.not.0	pval	qval
g1252	age_at_first_dose	age_at_first_dose	-0.000461533193842363	9.59588164288794e-05	56	3	1.42914366834226e-05	0.140770651331712
