feature	metadata	value	coef	stderr	N	N.not.0	pval	qval
t545	breastfed_child	nonexclusive	0.0268883008588657	0.00558676063651602	56	52	1.41379892637304e-05	0.00607933538340409
