"","crossval_mean","crossval_sd","nvar"
"1",0.06204,0.0484714328030418,19
"2",0.347209,0.11046139422962,12
"3",0.020974,0.0293124947330443,128
"4",0.369707,0.0981815184062951,159
"5",0.145014,0.110826577620491,159
"6",0.031265,0.0427800750727757,159
