feature	metadata	value	coef	stderr	N	N.not.0	pval	qval
t1596	IgA	IgA	-0.0141861225542255	0.00491731301903353	149	112	0.00450438625436346	0.191436415810447
t1590	IgA	IgA	-0.00242349543658552	0.000812076375751854	149	84	0.00332934473559979	0.191436415810447
