feature	metadata	value	coef	stderr	N	N.not.0	pval	qval
g1252	age_at_first_dose	age_at_first_dose	-0.000469726668284781	9.35317599049926e-05	56	3	6.88647708453451e-06	0.0692090946995719
