feature	metadata	value	coef	stderr	N	N.not.0	pval	qval
p19	age_at_first_dose	age_at_first_dose	-0.0019767397100605	0.000545915792276408	56	56	0.000684711970266925	0.165226790496358
p153	age_at_first_dose	age_at_first_dose	-0.0019992105915972	0.00055665299078626	56	56	0.000749139100487266	0.165226790496358
p132	age_at_first_dose	age_at_first_dose	-0.0021649944785466	0.000597316337863249	56	56	0.000677268627759524	0.165226790496358
p150	age_at_first_dose	age_at_first_dose	-0.00208742033270641	0.000569699025686855	56	56	0.000599946207225574	0.165226790496358
p348	age_at_first_dose	age_at_first_dose	-0.00201050048534761	0.000558410235219189	56	56	0.000729063370071925	0.165226790496358
p28	age_at_first_dose	age_at_first_dose	-0.0017584289967314	0.000472541119653443	56	56	0.000502984898704654	0.165226790496358
p15	age_at_first_dose	age_at_first_dose	-0.00165239856066769	0.000450259290040052	56	56	0.000589329471351918	0.165226790496358
p53	age_at_first_dose	age_at_first_dose	-0.00201744386292274	0.000526006487905942	56	56	0.000352351140416664	0.165226790496358
p437	age_at_first_dose	age_at_first_dose	-0.00194905404583784	0.000540154485018072	56	56	0.000711648532471087	0.165226790496358
